method,alpha,n_obs,n_breaches,observed_rate,observed_rate_ci_lo,observed_rate_ci_hi,target_rate,kupiec_lr,kupiec_pvalue,kupiec_pvalue_method,christoffersen_ind_lr,christoffersen_ind_pvalue,christoffersen_cc_lr,christoffersen_cc_pvalue,basel_zone,basel_n_breaches_window,basel_addon,basel_total_multiplier,basel_window_used,as_z1_statistic,as_z1_zone,as_z1_pvalue,as_z2_statistic,as_z2_zone,as_z2_pvalue,as_n_breaches,mean_var_abs,mean_ima_capital,median_ima_capital,peak_ima_capital
conformal_pid,0.01,2172,24,0.011049723756906,0.0074365887193872,0.0163893470401014,0.01,0.2337944940845204,0.6704,mc,0.5365738205968,0.579,0.7703683146813205,0.6552,green,4,0.0,3.0,250,0.0092158107315515,green,0.644,-0.0947891594126502,green,0.854,24,0.0189358222605555,0.0636794913520368,0.0555513360524868,0.3497771489404053
conformal_pid,0.025,2172,53,0.0244014732965009,0.0187039641222857,0.0317783255571416,0.025,0.0321726532540083,0.895,mc,2.652779254470772,0.1402,2.6849519077247805,0.3686,yellow,7,0.65,3.65,250,-0.0095276129086312,green,0.393,0.0146415564611886,green,0.972,53,0.0147829394616373,0.0566184293449641,0.0463286368697893,0.5584717199560226
conformal_pid_es,0.01,2172,24,0.011049723756906,0.0074365887193872,0.0163893470401014,0.01,0.2337944940845204,0.6704,mc,0.5365738205968,0.579,0.7703683146813205,0.6552,green,4,0.0,3.0,250,-0.1347012427350737,green,0.3445,-0.2538135278840592,green,0.8045,24,0.0189358222605555,0.0636794913520368,0.0555513360524868,0.3497771489404053
conformal_pid_es,0.025,2172,53,0.0244014732965009,0.0187039641222857,0.0317783255571416,0.025,0.0321726532540083,0.895,mc,2.652779254470772,0.1402,2.6849519077247805,0.3686,yellow,7,0.65,3.65,250,-0.7842233695527245,green,0.372,-0.7415071562853484,green,0.9645,53,0.0147829394616373,0.0566184293449641,0.0463286368697893,0.5584717199560226
distributional,0.01,2172,17,0.0078268876611418,0.0048924942256368,0.0124991492083494,0.01,1.1196679904028315,0.3352,mc,2.39029597255373,0.0604,3.509963962956561,0.1088,green,3,0.0,3.0,250,-0.0166901920972759,green,0.3535,0.2042480080269937,green,0.9025,17,0.017766472866003,0.0574157798861259,0.0535392633389838,0.256358076942316
distributional,0.025,2172,40,0.0184162062615101,0.0135534748599475,0.0249794147864039,0.025,4.244763863796436,0.0406,mc,0.0879083141854835,0.8338,4.33267217798192,0.1012,yellow,8,0.75,3.75,250,-0.0108696742383991,green,0.3505,0.2553446230288035,green,0.982,40,0.0142403145964714,0.0491463859116977,0.0465740787758585,0.2374673364274866
historical,0.01,2172,38,0.0174953959484346,0.012772901132504,0.0239216192779895,0.01,10.074372384953904,0.0014,mc,8.302426179343854,0.0016,18.37679856429776,0.0,yellow,5,0.4,3.4,250,-0.155890699508334,yellow,0.0195,-1.022276546101137,red,0.0,38,0.0159582858181264,0.0537469024540896,0.0508468085768844,0.1111887185458461
historical,0.025,2172,73,0.0336095764272559,0.0268158023205544,0.0420501797174512,0.025,5.972156735545923,0.0162,mc,6.189258407362786,0.007,12.161415142908709,0.001,red,10,1.0,4.0,250,-0.1133702346120197,red,0.0,-0.4967960796809838,red,0.0,73,0.0121417342816069,0.0450244759307749,0.043948839109393,0.0739408350761739
parametric,0.01,2172,45,0.0207182320441988,0.0155198784810835,0.0276089342549124,0.01,19.2515649030409,0.0,mc,3.073995330537798,0.0354,22.3255602335787,0.0,yellow,8,0.75,3.75,250,-0.167154733362,red,0.0,-1.4181382597279009,red,0.0,45,0.0141619459211231,0.0508445726507375,0.046830318356159,0.1484749560214915
parametric,0.025,2172,79,0.0363720073664825,0.0292817311182818,0.0450993586272974,0.025,10.127150323163278,0.0012,mc,0.42622014258734,0.5314,10.553370465750618,0.002,red,11,1.0,4.0,250,-0.1497113152288327,red,0.0,-0.6726923370732556,red,0.0,79,0.0119315362358906,0.047497208181135,0.0442470788979234,0.1416473489189643
