arm,method,alpha,null,df_used,kurt_median,n_breaches,kupiec_pvalue,z1,z1_zone,z1_p_value,z1_green_threshold,z1_yellow_threshold,z2,z2_zone,z2_p_value,z2_green_threshold,z2_yellow_threshold
t_copula,broken_gauss_matched,0.01,gaussian,,0.0,24,0.6726,-0.07475359024069017,yellow,0.008,-0.044753953531281795,-0.09100322336679767,-0.18757302789026542,green,0.182,-0.3845224834200491,-0.7778034383382745
t_copula,broken_gauss_matched,0.01,t_moment,,0.0,24,0.6726,-0.07475359024069017,yellow,0.008,-0.044753953531281795,-0.09100322336679767,-0.18757302789026542,green,0.182,-0.3845224834200491,-0.7778034383382745
t_copula,broken_gauss_matched,0.01,t_df5,5.0,0.0,24,0.6726,-0.07475359024069017,green,0.955,-0.28128469527241184,-0.4437126555530985,-0.18757302789026542,green,0.969,-1.272011179515136,-1.7400808485425128
t_copula,broken_gauss_matched,0.01,t_df8,8.0,0.0,24,0.6726,-0.07475359024069017,green,0.637,-0.17023733134609564,-0.24382670295635325,-0.18757302789026542,green,0.877,-0.9724581459617158,-1.4044931991299185
t_copula,broken_gauss_matched,0.01,t_df15,15.0,0.0,24,0.6726,-0.07475359024069017,green,0.1905,-0.10177244186892612,-0.1633350601732898,-0.18757302789026542,green,0.651,-0.7131522375891393,-1.0798217205452794
t_copula,broken_gauss_matched,0.01,empirical,,0.0,24,0.6726,-0.07475359024069017,green,0.466,-0.15044606913395278,-0.20341756112496498,-0.18757302789026542,green,0.468,-0.5829766322502807,-0.952719333798499
t_copula,broken_gauss_matched,0.025,gaussian,,0.0,53,0.8878,-0.12164152728613131,red,0.0,-0.034246396733918626,-0.0635654521048901,-0.09478823105276146,green,0.2405,-0.23187192342775315,-0.44736134967484487
t_copula,broken_gauss_matched,0.025,t_moment,,0.0,53,0.8878,-0.12164152728613131,red,0.0,-0.034246396733918626,-0.0635654521048901,-0.09478823105276146,green,0.2405,-0.23187192342775315,-0.44736134967484487
t_copula,broken_gauss_matched,0.025,t_df5,5.0,0.0,53,0.8878,-0.12164152728613131,green,0.702,-0.23699880444995125,-0.3545187176109702,-0.09478823105276146,green,0.7405,-0.47915789617344373,-0.7471592790938861
t_copula,broken_gauss_matched,0.025,t_df8,8.0,0.0,53,0.8878,-0.12164152728613131,green,0.118,-0.1386990336495477,-0.19265952693760258,-0.09478823105276146,green,0.6535,-0.4085986890109801,-0.6637787308120657
t_copula,broken_gauss_matched,0.025,t_df15,15.0,0.0,53,0.8878,-0.12164152728613131,yellow,0.0025,-0.08361093902035152,-0.12490621630183851,-0.09478823105276146,green,0.4895,-0.3367009440942332,-0.5397079316969228
t_copula,broken_gauss_matched,0.025,empirical,,0.0,53,0.8878,-0.12164152728613131,green,0.475,-0.19084416851112612,-0.2769647651869935,-0.09478823105276146,green,0.4775,-0.3503880383094753,-0.573771511650415
t_copula,broken_scaled_0.8,0.01,gaussian,,1.4696693052791088,54,0.0,-0.03539110236061038,yellow,0.0015,0.019190306764214928,-0.0399064026838071,-1.5741767738247217,red,0.0,-0.3528218061786432,-0.695105422916573
t_copula,broken_scaled_0.8,0.01,t_moment,8.082551073529105,1.4696693052791088,54,0.0,-0.03539110236061038,green,0.276,-0.08473395667086468,-0.17904381621490206,-1.5741767738247217,red,0.0,-0.79491747841916,-1.1939722465383154
t_copula,broken_scaled_0.8,0.01,t_df5,5.0,1.4696693052791088,54,0.0,-0.03539110236061038,green,0.7315,-0.19016436314894314,-0.35368762943459364,-1.5741767738247217,red,0.0005,-1.0522628941741776,-1.5078497724466873
t_copula,broken_scaled_0.8,0.01,t_df8,8.0,1.4696693052791088,54,0.0,-0.03539110236061038,green,0.2695,-0.0895244729297168,-0.16787369498429022,-1.5741767738247217,red,0.0,-0.7868247926009532,-1.118146419859516
t_copula,broken_scaled_0.8,0.01,t_df15,15.0,1.4696693052791088,54,0.0,-0.03539110236061038,yellow,0.04,-0.03031177834526102,-0.09416687557618668,-1.5741767738247217,red,0.0,-0.6141518793359271,-0.8972827785162436
t_copula,broken_scaled_0.8,0.01,empirical,,1.4696693052791088,54,0.0,-0.03539110236061038,green,0.6305,-0.12379486324942439,-0.20120429209863114,-1.5741767738247217,green,0.2605,-1.929861130575006,-2.3923934552674395
t_copula,broken_scaled_0.8,0.025,gaussian,,1.4696693052791088,100,0.0,-0.07500098828204815,red,0.0,0.029719584180115256,-0.0001408093962762883,-0.979743993152943,red,0.0,-0.44369436469800516,-0.7009244535207068
t_copula,broken_scaled_0.8,0.025,t_moment,8.082551073529105,1.4696693052791088,100,0.0,-0.07500098828204815,yellow,0.0225,-0.059022922543910936,-0.1293672579986303,-0.979743993152943,red,0.0,-0.5402453788539064,-0.7724884623185079
t_copula,broken_scaled_0.8,0.025,t_df5,5.0,1.4696693052791088,100,0.0,-0.07500098828204815,green,0.365,-0.14345281745083935,-0.24440753706735752,-0.979743993152943,red,0.0,-0.5745725503846307,-0.8036464229782447
t_copula,broken_scaled_0.8,0.025,t_df8,8.0,1.4696693052791088,100,0.0,-0.07500098828204815,yellow,0.022,-0.06023269959118921,-0.11217988320649709,-0.979743993152943,red,0.0,-0.5422094810799712,-0.7688514102364626
t_copula,broken_scaled_0.8,0.025,t_df15,15.0,1.4696693052791088,100,0.0,-0.07500098828204815,red,0.0,-0.014168000481988761,-0.06019401898608179,-0.979743993152943,red,0.0,-0.5063042682075078,-0.6596502405139767
t_copula,broken_scaled_0.8,0.025,empirical,,1.4696693052791088,100,0.0,-0.07500098828204815,green,0.2065,-0.10220067904598669,-0.16570377780091378,-0.979743993152943,green,0.517,-1.3234845403112543,-1.595513755040297
t_copula,conformal_pid,0.01,gaussian,,1.4696693052791088,24,0.6726,0.009215810731551088,yellow,0.0255,0.019190306764214928,-0.0399064026838071,-0.09478915941265065,green,0.2935,-0.3528218061786432,-0.695105422916573
t_copula,conformal_pid,0.01,t_moment,8.082551073529105,1.4696693052791088,24,0.6726,0.009215810731551088,green,0.6565,-0.0847339566708647,-0.17904381621490228,-0.09478915941265065,green,0.8595,-0.79491747841916,-1.1939722465383154
t_copula,conformal_pid,0.01,t_df5,5.0,1.4696693052791088,24,0.6726,0.009215810731551088,green,0.9415,-0.19016436314894314,-0.35368762943459364,-0.09478915941265065,green,0.958,-1.0522628941741776,-1.5078497724466873
t_copula,conformal_pid,0.01,t_df8,8.0,1.4696693052791088,24,0.6726,0.009215810731551088,green,0.6695,-0.0895244729297168,-0.16787369498429022,-0.09478915941265065,green,0.866,-0.7868247926009532,-1.118146419859516
t_copula,conformal_pid,0.01,t_df15,15.0,1.4696693052791088,24,0.6726,0.009215810731551088,green,0.2545,-0.03031177834526102,-0.0941668755761869,-0.09478915941265065,green,0.6645,-0.6141518793359271,-0.8972827785162436
t_copula,conformal_pid,0.01,empirical,,1.4696693052791088,24,0.6726,0.009215810731551088,green,0.6715,-0.11202075335281797,-0.23917783402871673,-0.09478915941265065,green,0.292,-0.34635125997975486,-0.6633271505055987
t_copula,conformal_pid,0.025,gaussian,,1.4696693052791088,53,0.8878,-0.009527612908631466,red,0.0,0.029719584180115246,-0.0001408093962762883,0.014641556461188476,green,0.938,-0.44369436469800516,-0.7009244535207068
t_copula,conformal_pid,0.025,t_moment,8.082551073529105,1.4696693052791088,53,0.8878,-0.009527612908631466,green,0.4205,-0.059022922543910936,-0.1293672579986303,0.014641556461188476,green,0.9745,-0.5402453788539064,-0.7724884623185081
t_copula,conformal_pid,0.025,t_df5,5.0,1.4696693052791088,53,0.8878,-0.009527612908631466,green,0.8975,-0.14345281745083913,-0.24440753706735752,0.014641556461188476,green,0.9725,-0.5745725503846307,-0.8036464229782447
t_copula,conformal_pid,0.025,t_df8,8.0,1.4696693052791088,53,0.8878,-0.009527612908631466,green,0.4425,-0.06023269959118921,-0.11217988320649709,0.014641556461188476,green,0.974,-0.5422094810799712,-0.7688514102364626
t_copula,conformal_pid,0.025,t_df15,15.0,1.4696693052791088,53,0.8878,-0.009527612908631466,green,0.0675,-0.014168000481988761,-0.06019401898608179,0.014641556461188476,green,0.963,-0.5063042682075078,-0.6596502405139767
t_copula,conformal_pid,0.025,empirical,,1.4696693052791088,53,0.8878,-0.009527612908631466,green,0.3705,-0.06306355812338427,-0.13414722248217925,0.014641556461188476,green,0.419,-0.17816528025121292,-0.38423106095774895
t_copula,conformal_pid_es,0.01,gaussian,,1.4696693052791088,24,0.6726,-0.13470124273507467,yellow,0.007,-0.09211169599865816,-0.19070658011728708,-0.25381352788406075,green,0.231,-0.49248971499675437,-0.8604893402063473
t_copula,conformal_pid_es,0.01,t_moment,8.082551073529105,1.4696693052791088,24,0.6726,-0.13470124273507467,green,0.36,-0.21213682885490942,-0.31644450750157904,-0.25381352788406075,green,0.8165,-0.9900865720077174,-1.4339472082337519
t_copula,conformal_pid_es,0.01,t_df5,5.0,1.4696693052791088,24,0.6726,-0.13470124273507467,green,0.781,-0.32759231687851037,-0.5071954452026242,-0.25381352788406075,green,0.9375,-1.2709194110959117,-1.7966029237795957
t_copula,conformal_pid_es,0.01,t_df8,8.0,1.4696693052791088,24,0.6726,-0.13470124273507467,green,0.3525,-0.2106339947642386,-0.31815707055525544,-0.25381352788406075,green,0.82,-0.9724258286755278,-1.3499196700651992
t_copula,conformal_pid_es,0.01,t_df15,15.0,1.4696693052791088,24,0.6726,-0.13470124273507467,green,0.0955,-0.15194748481751566,-0.21732105118967635,-0.25381352788406075,green,0.5935,-0.7850317487447511,-1.078655046624268
t_copula,conformal_pid_es,0.01,empirical,,1.4696693052791088,24,0.6726,-0.13470124273507467,green,0.4195,-0.23920972670034468,-0.3874505583857383,-0.25381352788406075,green,0.2345,-0.4839217414753214,-0.8668273145050128
t_copula,conformal_pid_es,0.025,gaussian,,1.4696693052791088,53,0.8878,-0.784223369552731,red,0.0005,-0.7201770917477227,-0.7800152251200516,-0.7415071562853541,green,0.9285,-1.5340345719179802,-1.9557385740970241
t_copula,conformal_pid_es,0.025,t_moment,8.082551073529105,1.4696693052791088,53,0.8878,-0.784223369552731,green,0.4145,-0.8748382882207643,-1.0193239929514042,-0.7415071562853541,green,0.973,-1.7129428723910836,-2.1362587867898157
t_copula,conformal_pid_es,0.025,t_df5,5.0,1.4696693052791088,53,0.8878,-0.784223369552731,green,0.853,-1.0345797989844572,-1.23679310895947,-0.7415071562853541,green,0.9705,-1.7747607143374953,-2.227304781861366
t_copula,conformal_pid_es,0.025,t_df8,8.0,1.4696693052791088,53,0.8878,-0.784223369552731,green,0.429,-0.8807400431072375,-0.9952069126381475,-0.7415071562853541,green,0.9715,-1.7221318628599767,-2.1234996799824013
t_copula,conformal_pid_es,0.025,t_df15,15.0,1.4696693052791088,53,0.8878,-0.784223369552731,green,0.088,-0.8044602634602507,-0.8816354950689571,-0.7415071562853541,green,0.9575,-1.6653199742637257,-1.9213738097688127
t_copula,conformal_pid_es,0.025,empirical,,1.4696693052791088,53,0.8878,-0.784223369552731,green,0.3455,-0.8902906214287424,-1.0325670456816565,-0.7415071562853541,green,0.4085,-1.075331016083418,-1.4523965431945245
t_copula,distributional,0.01,gaussian,,1.4120810649088305,17,0.338,-0.016690192097277068,yellow,0.0045,0.023169118281600454,-0.052098922856377475,0.20424800802699317,green,0.1735,0.06896203781289145,-0.23159209632371625
t_copula,distributional,0.01,t_moment,8.249047840881136,1.4120810649088305,17,0.338,-0.016690192097277068,green,0.357,-0.08719241977583173,-0.17810978075341788,0.20424800802699317,green,0.891,-0.44741186094741975,-0.8573489533147443
t_copula,distributional,0.01,t_df5,5.0,1.4120810649088305,17,0.338,-0.016690192097277068,green,0.817,-0.1925651943725788,-0.38858389654565995,0.20424800802699317,green,0.9795,-0.7649232310382912,-1.1612560623600812
t_copula,distributional,0.01,t_df8,8.0,1.4120810649088305,17,0.338,-0.016690192097277068,green,0.374,-0.08637696324445118,-0.18256129058841516,0.20424800802699317,green,0.903,-0.46485868478964515,-0.8342206867748688
t_copula,distributional,0.01,t_df15,15.0,1.4120810649088305,17,0.338,-0.016690192097277068,green,0.0785,-0.029410977989631715,-0.11901304670748326,0.20424800802699317,green,0.6595,-0.22544945150230997,-0.5122210288422879
t_copula,distributional,0.01,empirical,,1.4120810649088305,17,0.338,-0.016690192097277068,green,0.59,-0.13394052237814172,-0.2751101415721979,0.20424800802699317,green,0.391,-0.08078049915170717,-0.38797645277642806
t_copula,distributional,0.025,gaussian,,1.4120810649088305,40,0.0466,-0.010869674238399796,red,0.0,0.04095150002319571,0.01021929872944053,0.2553446230288031,green,0.862,-0.09148856795631431,-0.28887302644258034
t_copula,distributional,0.025,t_moment,8.249047840881136,1.4120810649088305,40,0.0466,-0.010869674238399796,green,0.3525,-0.05725276527317393,-0.11740443385335511,0.2553446230288031,green,0.9795,-0.26194203837899777,-0.41916062711286334
t_copula,distributional,0.025,t_df5,5.0,1.4120810649088305,40,0.0466,-0.010869674238399796,green,0.8905,-0.15000880998411253,-0.2695066053525426,0.2553446230288031,green,0.988,-0.32523396085030415,-0.5899302555699327
t_copula,distributional,0.025,t_df8,8.0,1.4120810649088305,40,0.0466,-0.010869674238399796,green,0.3885,-0.05837944283164851,-0.10645179223995506,0.2553446230288031,green,0.9805,-0.2563350017333459,-0.4439064926930085
t_copula,distributional,0.025,t_df15,15.0,1.4120810649088305,40,0.0466,-0.010869674238399796,yellow,0.039,-0.006279242652559936,-0.044113253827736766,0.2553446230288031,green,0.9565,-0.18977579670531564,-0.3344805215637739
t_copula,distributional,0.025,empirical,,1.4120810649088305,40,0.0466,-0.010869674238399796,green,0.4125,-0.0742134066727319,-0.14954700332170318,0.2553446230288031,green,0.5055,0.04672853966971,-0.14973196343108638
t_copula,historical,0.01,gaussian,,1.1190718214047064,38,0.0012,-0.155890699508334,red,0.0005,-0.024038457219713483,-0.11384741046341038,-1.022276546101137,red,0.0,0.032774064591974024,-0.2175434259840145
t_copula,historical,0.01,t_moment,9.36158616921347,1.1190718214047064,38,0.0012,-0.155890699508334,yellow,0.0195,-0.1235279883074093,-0.21428922483038387,-1.022276546101137,red,0.0,-0.3863199185451964,-0.7390845316482325
t_copula,historical,0.01,t_df5,5.0,1.1190718214047064,38,0.0012,-0.155890699508334,green,0.2585,-0.24709337168249965,-0.46419101441710614,-1.022276546101137,yellow,0.0055,-0.7378712734825256,-1.173401765127605
t_copula,historical,0.01,t_df8,8.0,1.1190718214047064,38,0.0012,-0.155890699508334,yellow,0.032,-0.13945055723046226,-0.255693333988334,-1.022276546101137,red,0.0,-0.44986174097673914,-0.8297927645874396
t_copula,historical,0.01,t_df15,15.0,1.1190718214047064,38,0.0012,-0.155890699508334,yellow,0.002,-0.08072484746329558,-0.16103569025537665,-1.022276546101137,red,0.0,-0.21722141572712508,-0.4752676790208783
t_copula,historical,0.01,empirical,,1.1190718214047064,38,0.0012,-0.155890699508334,green,0.698,-0.3490503293663344,-0.485297289549437,-1.022276546101137,green,0.6245,-1.774825457735049,-2.5389622560915774
t_copula,historical,0.025,gaussian,,1.1190718214047064,73,0.0146,-0.11337023461202023,red,0.0,0.041549754963223835,0.0026943273997643374,-0.49679607968098494,red,0.0,-0.04967004931993236,-0.22428019704937444
t_copula,historical,0.025,t_moment,9.36158616921347,1.1190718214047064,73,0.0146,-0.11337023461202023,red,0.0,-0.03957628719021837,-0.09006170360613973,-0.49679607968098494,red,0.0,-0.1997800148774272,-0.3658359805566921
t_copula,historical,0.025,t_df5,5.0,1.1190718214047064,73,0.0146,-0.11337023461202023,green,0.1255,-0.15041591719979358,-0.2768662442777887,-0.49679607968098494,yellow,0.0025,-0.2907799002581697,-0.5345537327060251
t_copula,historical,0.025,t_df8,8.0,1.1190718214047064,73,0.0146,-0.11337023461202023,yellow,0.0025,-0.05478237475761912,-0.1259521781128831,-0.49679607968098494,red,0.0005,-0.20656404521429703,-0.4222384907374601
t_copula,historical,0.025,t_df15,15.0,1.1190718214047064,73,0.0146,-0.11337023461202023,red,0.0,-0.0022071225173780793,-0.04228169179712206,-0.49679607968098494,red,0.0,-0.15204787154285096,-0.316670672704858
t_copula,historical,0.025,empirical,,1.1190718214047064,73,0.0146,-0.11337023461202023,green,0.5475,-0.2220790438977256,-0.32761892613698457,-0.49679607968098494,green,0.7185,-0.9439555669634517,-1.2927900475513754
t_copula,parametric,0.01,gaussian,,0.0,45,0.0,-0.1671547333620007,red,0.0,-0.045059737428623105,-0.0917466981663511,-1.4181382597279026,red,0.0,-0.38413199668888154,-0.7779106765430317
t_copula,parametric,0.01,t_moment,,0.0,45,0.0,-0.1671547333620007,red,0.0,-0.045059737428623105,-0.0917466981663511,-1.4181382597279026,red,0.0,-0.38413199668888154,-0.7779106765430317
t_copula,parametric,0.01,t_df5,5.0,0.0,45,0.0,-0.1671547333620007,green,0.465,-0.2835111458386693,-0.4441595521138495,-1.4181382597279026,yellow,0.019,-1.2736049399713913,-1.742962047584921
t_copula,parametric,0.01,t_df8,8.0,0.0,45,0.0,-0.1671547333620007,green,0.0595,-0.17062982947233385,-0.2450750519333055,-1.4181382597279026,red,0.001,-0.9730496074067582,-1.4056807363292156
t_copula,parametric,0.01,t_df15,15.0,0.0,45,0.0,-0.1671547333620007,red,0.0005,-0.10226984474410529,-0.1644730449064875,-1.4181382597279026,red,0.0,-0.713088705834062,-1.0804197242583036
t_copula,parametric,0.01,empirical,,0.0,45,0.0,-0.1671547333620007,green,0.464,-0.23313257003290408,-0.2982340558898595,-1.4181382597279026,green,0.4885,-2.0360132556917945,-2.500568487801684
t_copula,parametric,0.025,gaussian,,0.0,79,0.0034,-0.14971131522883385,red,0.0,-0.03446555015050516,-0.06397136519718241,-0.6726923370732574,red,0.0,-0.23205637887361932,-0.4475921062318273
t_copula,parametric,0.025,t_moment,,0.0,79,0.0034,-0.14971131522883385,red,0.0,-0.03446555015050516,-0.06397136519718241,-0.6726923370732574,red,0.0,-0.23205637887361932,-0.4475921062318273
t_copula,parametric,0.025,t_df5,5.0,0.0,79,0.0034,-0.14971131522883385,green,0.4615,-0.23788015229747606,-0.3553849396096087,-0.6726923370732574,yellow,0.004,-0.48019030127901596,-0.7490482194138955
t_copula,parametric,0.025,t_df8,8.0,0.0,79,0.0034,-0.14971131522883385,yellow,0.028,-0.13953981038147503,-0.19334482473595466,-0.6726923370732574,red,0.001,-0.40889211375893164,-0.6644379624822174
t_copula,parametric,0.025,t_df15,15.0,0.0,79,0.0034,-0.14971131522883385,red,0.0,-0.08414138563850179,-0.1255515237835948,-0.6726923370732574,red,0.0,-0.3369855004799758,-0.5402744579782417
t_copula,parametric,0.025,empirical,,0.0,79,0.0034,-0.14971131522883385,green,0.4685,-0.2052766933563219,-0.27330165644123067,-0.6726923370732574,green,0.4875,-0.9756401213178548,-1.2264033317902538
