finding_id,method,level,n_scored,coverage,coverage_lo,coverage_hi,nominal_inside_ci,concentration,concentration_lo,concentration_hi,severity,severity_reason,eur_exposure,mean_width_mw,p95_width_mw,max_width_mw
F-01,gaussian,0.8,32252,0.7444,0.7134,0.7744,False,1.2917,1.1346,1.4694,Material,"nominal outside the coverage interval, and misses run 1.29x more frequent in the most expensive intervals (interval lower bound 1.13 > 1)",586617.0,3019.1,5347.1,8600.6
F-01,gaussian,0.9,32252,0.8419,0.8153,0.8674,False,1.3619,1.1438,1.6063,Material,"nominal outside the coverage interval, and misses run 1.36x more frequent in the most expensive intervals (interval lower bound 1.14 > 1)",362495.0,3875.0,6862.9,11038.8
F-01,gaussian,0.95,32252,0.8965,0.8727,0.9192,False,1.4313,1.1387,1.7455,Material,"nominal outside the coverage interval, and misses run 1.43x more frequent in the most expensive intervals (interval lower bound 1.14 > 1)",241799.0,4617.3,8177.7,13153.5
F-02,conformal,0.8,32252,0.7148,0.6835,0.7476,False,1.2499,1.1026,1.4012,Significant,nominal outside the coverage interval; concentration 1.25x is real but below the 1.25x materiality floor,656087.0,2831.3,5266.9,9117.8
F-02,conformal,0.9,32252,0.8205,0.7935,0.8476,False,1.3121,1.1155,1.5126,Material,"nominal outside the coverage interval, and misses run 1.31x more frequent in the most expensive intervals (interval lower bound 1.12 > 1)",359943.0,3719.6,6781.1,11839.2
F-02,conformal,0.95,32252,0.886,0.8618,0.9078,False,1.3575,1.1089,1.6713,Material,"nominal outside the coverage interval, and misses run 1.36x more frequent in the most expensive intervals (interval lower bound 1.11 > 1)",207305.0,4580.9,8087.1,13489.0
F-03,aci,0.8,32252,0.776,0.7476,0.8032,True,1.1897,1.0374,1.3688,Observation,nominal coverage lies inside the day-block bootstrap interval; this evidence does not show the band failing at this level,396290.0,3472.9,6938.5,15109.1
F-03,aci,0.9,32252,0.8857,0.8654,0.906,True,1.2632,1.0374,1.5245,Observation,nominal coverage lies inside the day-block bootstrap interval; this evidence does not show the band failing at this level,158145.0,4729.6,8759.0,15939.6
F-03,aci,0.95,32252,0.9356,0.9193,0.9509,True,1.1505,0.8584,1.4677,Observation,nominal coverage lies inside the day-block bootstrap interval; this evidence does not show the band failing at this level,78539.0,5606.9,9788.7,15939.6
